x_centroid,y_centroid,x_start,y_start,x_end,y_end,depth,length,area,v_axial,v_Mx,v_My,v_total,Fz,Mxi,Myi
-12.25,-24.5,-12.5,-24.5,-12.0,-24.5,9,0.5,4.5,-0.16147581353985427,-0.01109284594401965,0.003438282534690604,-0.16913037694918331,-0.761086696271325,18.64662405864746,-9.32331202932373
-11.75,-24.5,-12.0,-24.5,-11.5,-24.5,9,0.5,4.5,-0.16147581353985427,-0.01109284594401965,0.003297944472050171,-0.16927071501182375,-0.7617182175532069,18.66209633005357,-8.950189056250181
-11.25,-24.5,-11.5,-24.5,-11.0,-24.5,9,0.5,4.5,-0.16147581353985427,-0.01109284594401965,0.003157606409409738,-0.1694110530744642,-0.7623497388350888,18.677568601459676,-8.57643456189475
-10.75,-24.5,-11.0,-24.5,-10.5,-24.5,9,0.5,4.5,-0.16147581353985427,-0.01109284594401965,0.0030172683467693056,-0.16955139113710463,-0.7629812601169709,18.693040872865787,-8.202048546257437
-10.25,-24.5,-10.5,-24.5,-10.0,-24.5,9,0.5,4.5,-0.16147581353985427,-0.01109284594401965,0.0028769302841288725,-0.16969172919974507,-0.7636127813988528,18.708513144271894,-7.827031009338241
-9.75,-24.5,-10.0,-24.5,-9.5,-24.5,9,0.5,4.5,-0.16147581353985427,-0.01109284594401965,0.00273659222148844,-0.16983206726238548,-0.7642443026807346,18.723985415677998,-7.451381951137162
-9.25,-24.5,-9.5,-24.5,-9.0,-24.5,9,0.5,4.5,-0.16147581353985427,-0.01109284594401965,0.002596254158848007,-0.16997240532502592,-0.7648758239626167,18.73945768708411,-7.075101371654204
-8.75,-24.5,-9.0,-24.5,-8.5,-24.5,9,0.5,4.5,-0.16147581353985427,-0.01109284594401965,0.0024559160962075743,-0.17011274338766635,-0.7655073452444986,18.754929958490216,-6.698189270889363
-8.25,-24.5,-8.5,-24.5,-8.0,-24.5,9,0.5,4.5,-0.16147581353985427,-0.01109284594401965,0.0023155780335671412,-0.1702530814503068,-0.7661388665263805,18.770402229896323,-6.320645648842639
-7.75,-24.5,-8.0,-24.5,-7.5,-24.5,9,0.5,4.5,-0.16147581353985427,-0.01109284594401965,0.0021752399709267086,-0.17039341951294723,-0.7667703878082626,18.785874501302434,-5.942470505514035
-7.25,-24.5,-7.5,-24.5,-7.0,-24.5,9,0.5,4.5,-0.16147581353985427,-0.01109284594401965,0.0020349019082862756,-0.17053375757558764,-0.7674019090901444,18.801346772708538,-5.563663840903547
-6.75,-24.5,-7.0,-24.5,-6.5,-24.5,9,0.5,4.5,-0.16147581353985427,-0.01109284594401965,0.001894563845645843,-0.17067409563822808,-0.7680334303720263,18.816819044114645,-5.184225655011177
-6.25,-24.5,-6.5,-24.5,-6.0,-24.5,9,0.5,4.5,-0.16147581353985427,-0.01109284594401965,0.0017542257830054102,-0.17081443370086852,-0.7686649516539084,18.832291315520756,-4.804155947836927
-5.75,-24.5,-6.0,-24.5,-5.499999999999999,-24.5,9,0.5,4.5,-0.16147581353985427,-0.01109284594401965,0.0016138877203649774,-0.17095477176350896,-0.7692964729357903,18.847763586926863,-4.4234547193807945
-5.25,-24.5,-5.499999999999999,-24.5,-5.0,-24.5,9,0.5,4.5,-0.16147581353985427,-0.01109284594401965,0.0014735496577245445,-0.1710951098261494,-0.7699279942176722,18.86323585833297,-4.042121969642779
-4.75,-24.5,-5.0,-24.5,-4.5,-24.5,9,0.5,4.5,-0.16147581353985427,-0.01109284594401965,0.0013332115950841117,-0.1712354478887898,-0.7705595154995541,18.878708129739078,-3.660157698622882
-4.25,-24.5,-4.5,-24.5,-4.0,-24.5,9,0.5,4.5,-0.16147581353985427,-0.01109284594401965,0.0011928735324436789,-0.17137578595143024,-0.7711910367814361,18.894180401145185,-3.2775619063211034
-3.75,-24.5,-4.0,-24.5,-3.5,-24.5,9,0.5,4.5,-0.16147581353985427,-0.01109284594401965,0.0010525354698032463,-0.17151612401407068,-0.771822558063318,18.909652672551292,-2.894334592737443
-3.25,-24.5,-3.5,-24.5,-3.0,-24.5,9,0.5,4.5,-0.16147581353985427,-0.01109284594401965,0.0009121974071628135,-0.17165646207671112,-0.7724540793452,18.9251249439574,-2.5104757578719004
-2.75,-24.5,-3.0,-24.5,-2.5,-24.5,9,0.5,4.5,-0.16147581353985427,-0.01109284594401965,0.0007718593445223805,-0.17179680013935156,-0.773085600627082,18.940597215363507,-2.125985401724476
-2.25,-24.5,-2.5,-24.5,-2.0,-24.5,9,0.5,4.5,-0.16147581353985427,-0.01109284594401965,0.0006315212818819477,-0.17193713820199197,-0.7737171219089638,18.956069486769614,-1.7408635242951689
-1.75,-24.5,-2.0,-24.5,-1.5,-24.5,9,0.5,4.5,-0.16147581353985427,-0.01109284594401965,0.0004911832192415149,-0.1720774762646324,-0.7743486431908458,18.97154175817572,-1.3551101255839806
-1.25,-24.5,-1.5,-24.5,-1.0,-24.5,9,0.5,4.5,-0.16147581353985427,-0.01109284594401965,0.00035084515660108216,-0.17221781432727284,-0.7749801644727278,18.98701402958183,-0.96872520559091
-0.75,-24.5,-1.0,-24.5,-0.5,-24.5,9,0.5,4.5,-0.16147581353985427,-0.01109284594401965,0.00021050709396064934,-0.17235815238991328,-0.7756116857546098,19.00248630098794,-0.5817087643159577
-0.25,-24.5,-0.5,-24.5,0.0,-24.5,9,0.5,4.5,-0.16147581353985427,-0.01109284594401965,7.016903132021652e-05,-0.17249849045255372,-0.7762432070364917,19.017958572394047,-0.19406080175912327
0.25,-24.5,0.0,-24.5,0.5,-24.5,9,0.5,4.5,-0.16147581353985427,-0.01109284594401965,-7.016903132021629e-05,-0.17263882851519413,-0.7768747283183736,19.03343084380015,0.19421868207959306
0.75,-24.5,0.5,-24.5,1.0,-24.5,9,0.5,4.5,-0.16147581353985427,-0.01109284594401965,-0.0002105070939606491,-0.17277916657783457,-0.7775062496002556,19.04890311520626,0.5831296872001913
1.2500000000000009,-24.5,1.0,-24.5,1.5000000000000018,-24.5,9,0.5,4.5,-0.16147581353985427,-0.01109284594401965,-0.00035084515660108216,-0.172919504640475,-0.7781377708821375,19.06437538661237,0.9726722136026723
1.75,-24.5,1.5000000000000018,-24.5,1.9999999999999982,-24.5,9,0.5,4.5,-0.16147581353985427,-0.01109284594401965,-0.0004911832192415148,-0.17305984270311545,-0.7787692921640195,19.079847658018476,1.3628462612870338
2.249999999999999,-24.5,1.9999999999999982,-24.5,2.5,-24.5,9,0.5,4.5,-0.16147581353985427,-0.01109284594401965,-0.0006315212818819473,-0.17320018076575588,-0.7794008134459015,19.095319929424587,1.7536518302532773
2.75,-24.5,2.5,-24.5,3.0,-24.5,9,0.5,4.5,-0.16147581353985427,-0.01109284594401965,-0.0007718593445223803,-0.1733405188283963,-0.7800323347277833,19.11079220083069,2.145088920501404
3.25,-24.5,3.0,-24.5,3.5,-24.5,9,0.5,4.5,-0.16147581353985427,-0.01109284594401965,-0.000912197407162813,-0.17348085689103673,-0.7806638560096653,19.126264472236798,2.537157532031412
3.75,-24.5,3.5,-24.5,4.0,-24.5,9,0.5,4.5,-0.16147581353985427,-0.01109284594401965,-0.0010525354698032458,-0.17362119495367717,-0.7812953772915473,19.14173674364291,2.929857664843302
4.25,-24.5,4.0,-24.5,4.5,-24.5,9,0.5,4.5,-0.16147581353985427,-0.01109284594401965,-0.0011928735324436789,-0.1737615330163176,-0.7819268985734292,19.157209015049016,3.3231893189370743
4.75,-24.5,4.5,-24.5,5.0,-24.5,9,0.5,4.5,-0.16147581353985427,-0.01109284594401965,-0.0013332115950841117,-0.17390187107895805,-0.7825584198553113,19.172681286455127,3.7171524943127285
5.25,-24.5,5.0,-24.5,5.5,-24.5,9,0.5,4.5,-0.16147581353985427,-0.01109284594401965,-0.0014735496577245445,-0.17404220914159846,-0.7831899411371931,19.18815355786123,4.111747190970264
5.75,-24.5,5.5,-24.5,6.0,-24.5,9,0.5,4.5,-0.16147581353985427,-0.01109284594401965,-0.0016138877203649774,-0.1741825472042389,-0.783821462419075,19.203625829267338,4.506973408909682
6.25,-24.5,6.0,-24.5,6.5,-24.5,9,0.5,4.5,-0.16147581353985427,-0.01109284594401965,-0.0017542257830054102,-0.17432288526687933,-0.7844529837009571,19.21909810067345,4.902831148130982
6.75,-24.5,6.5,-24.5,7.0,-24.5,9,0.5,4.5,-0.16147581353985427,-0.01109284594401965,-0.001894563845645843,-0.17446322332951977,-0.785084504982839,19.234570372079556,5.299320408634163
7.25,-24.5,7.0,-24.5,7.5,-24.5,9,0.5,4.5,-0.16147581353985427,-0.01109284594401965,-0.0020349019082862756,-0.1746035613921602,-0.7857160262647209,19.250042643485664,5.696441190419227
7.75,-24.5,7.5,-24.5,8.0,-24.5,9,0.5,4.5,-0.16147581353985427,-0.01109284594401965,-0.0021752399709267086,-0.17474389945480062,-0.7863475475466029,19.26551491489177,6.094193493486172
8.25,-24.5,8.0,-24.5,8.5,-24.5,9,0.5,4.5,-0.16147581353985427,-0.01109284594401965,-0.0023155780335671412,-0.17488423751744106,-0.7869790688284848,19.280987186297878,6.492577317835
8.75,-24.5,8.5,-24.5,9.0,-24.5,9,0.5,4.5,-0.16147581353985427,-0.01109284594401965,-0.0024559160962075743,-0.1750245755800815,-0.7876105901103667,19.296459457703985,6.891592663465708
9.25,-24.5,9.0,-24.5,9.5,-24.5,9,0.5,4.5,-0.16147581353985427,-0.01109284594401965,-0.002596254158848007,-0.17516491364272194,-0.7882421113922488,19.311931729110096,7.291239530378301
9.75,-24.5,9.5,-24.5,10.0,-24.5,9,0.5,4.5,-0.16147581353985427,-0.01109284594401965,-0.00273659222148844,-0.17530525170536237,-0.7888736326741307,19.327404000516204,7.6915179185727744
10.25,-24.5,10.0,-24.5,10.5,-24.5,9,0.5,4.5,-0.16147581353985427,-0.01109284594401965,-0.0028769302841288725,-0.17544558976800279,-0.7895051539560125,19.342876271922307,8.092427828049129
10.75,-24.5,10.5,-24.5,11.0,-24.5,9,0.5,4.5,-0.16147581353985427,-0.01109284594401965,-0.0030172683467693056,-0.17558592783064322,-0.7901366752378945,19.358348543328418,8.493969258807367
11.25,-24.5,11.0,-24.5,11.5,-24.5,9,0.5,4.5,-0.16147581353985427,-0.01109284594401965,-0.003157606409409738,-0.17572626589328366,-0.7907681965197765,19.373820814734525,8.896142210847485
11.75,-24.5,11.5,-24.5,12.0,-24.5,9,0.5,4.5,-0.16147581353985427,-0.01109284594401965,-0.003297944472050171,-0.1758666039559241,-0.7913997178016584,19.389293086140633,9.298946684169486
12.25,-24.5,12.0,-24.5,12.5,-24.5,9,0.5,4.5,-0.16147581353985427,-0.01109284594401965,-0.003438282534690604,-0.17600694201856454,-0.7920312390835405,19.40476535754674,9.70238267877337
12.676829268292682,-24.323170731707314,12.5,-24.5,12.853658536585366,-24.146341463414632,9,0.5001486988880458,4.501338289992412,-0.16147581353985427,-0.011012783093751711,-0.0035580833198714606,-0.17604667995347742,-0.7924456613006274,19.27479111541587,10.045698352707344
13.03048780487805,-23.96951219512195,12.853658536585366,-24.146341463414632,13.207317073170731,-23.79268292682927,9,0.5001486988880458,4.501338289992412,-0.16147581353985427,-0.010852657393215838,-0.0036573468275927427,-0.17598581776066285,-0.7921716999816983,18.987969223341807,10.322383675981033
13.384146341463413,-23.615853658536587,13.207317073170731,-23.79268292682927,13.560975609756097,-23.4390243902439,9,0.5001486988880458,4.501338289992412,-0.16147581353985427,-0.010692531692679965,-0.0037566103353140244,-0.17592495556784826,-0.7918977386627691,18.701341108786007,10.598875221736451
13.737804878048781,-23.26219512195122,13.560975609756097,-23.4390243902439,13.914634146341463,-23.085365853658537,9,0.5001486988880458,4.501338289992412,-0.16147581353985427,-0.010532405992144092,-0.0038558738430353066,-0.17586409337503367,-0.7916237773438399,18.41490677174847,10.875172989973606
14.091463414634145,-22.90853658536585,13.914634146341463,-23.085365853658537,14.268292682926829,-22.73170731707317,9,0.5001486988880458,4.501338289992412,-0.16147581353985427,-0.010372280291608218,-0.003955137350756587,-0.17580323118221908,-0.7913498160249107,18.128666212229202,11.15127698069249
14.445121951219512,-22.554878048780488,14.268292682926829,-22.73170731707317,14.621951219512194,-22.378048780487806,9,0.5001486988880458,4.501338289992412,-0.16147581353985427,-0.010212154591072345,-0.00405440085847787,-0.17574236898940448,-0.7910758547059815,17.842619430228204,11.427187193893111
14.798780487804878,-22.201219512195124,14.621951219512194,-22.378048780487806,14.975609756097562,-22.024390243902438,9,0.5001486988880458,4.501338289992412,-0.16147581353985427,-0.010052028890536472,-0.004153664366199151,-0.1756815067965899,-0.7908018933870522,17.556766425745472,11.702903629575461
15.152439024390244,-21.847560975609756,14.975609756097562,-22.024390243902438,15.329268292682928,-21.670731707317074,9,0.5001486988880458,4.501338289992412,-0.16147581353985427,-0.009891903190000599,-0.0042529278739204335,-0.1756206446037753,-0.790527932068123,17.271107198781003,11.978426287739547
15.506097560975611,-21.49390243902439,15.329268292682928,-21.670731707317074,15.682926829268293,-21.317073170731707,9,0.5001486988880458,4.501338289992412,-0.16147581353985427,-0.009731777489464723,-0.004352191381641716,-0.1755597824109607,-0.7902539707491938,16.985641749334803,12.253755168385366
15.859756097560975,-21.140243902439025,15.682926829268293,-21.317073170731707,16.036585365853657,-20.963414634146343,9,0.5001486988880458,4.501338289992412,-0.16147581353985427,-0.009571651788928852,-0.004451454889362996,-0.17549892021814611,-0.7899800094302646,16.700370077406873,12.528890271512916
16.21341463414634,-20.78658536585366,16.036585365853657,-20.963414634146343,16.390243902439025,-20.609756097560975,9,0.5001486988880458,4.501338289992412,-0.16147581353985427,-0.009411526088392979,-0.004550718397084278,-0.17543805802533155,-0.7897060481113355,16.415292182997213,12.8038315971222
16.567073170731707,-20.432926829268293,16.390243902439025,-20.609756097560975,16.74390243902439,-20.25609756097561,9,0.5001486988880458,4.501338289992412,-0.16147581353985427,-0.009251400387857104,-0.00464998190480556,-0.17537719583251693,-0.7894320867924061,16.130408066105808,13.078579145213215
16.920731707317074,-20.079268292682926,16.74390243902439,-20.25609756097561,17.097560975609756,-19.902439024390244,9,0.5001486988880458,4.501338289992412,-0.16147581353985427,-0.00909127468732123,-0.004749245412526843,-0.17531633363970234,-0.7891581254734769,15.845717726732678,13.353132915785967
17.274390243902438,-19.725609756097562,17.097560975609756,-19.902439024390244,17.451219512195124,-19.548780487804876,9,0.5001486988880458,4.501338289992412,-0.16147581353985427,-0.008931148986785358,-0.004848508920248123,-0.17525547144688775,-0.7888841641545477,15.561221164877816,13.627492908840447
17.628048780487806,-19.371951219512194,17.451219512195124,-19.548780487804876,17.804878048780488,-19.195121951219512,9,0.5001486988880458,4.501338289992412,-0.16147581353985427,-0.008771023286249484,-0.004947772427969406,-0.17519460925407315,-0.7886102028356184,15.276918380541218,13.901659124376664
17.981707317073173,-19.018292682926827,17.804878048780488,-19.195121951219512,18.158536585365855,-18.841463414634145,9,0.5001486988880458,4.501338289992412,-0.16147581353985427,-0.008610897585713609,-0.005047035935690688,-0.1751337470612586,-0.7883362415166894,14.992809373722888,14.175631562394617
18.335365853658537,-18.664634146341463,18.158536585365855,-18.841463414634145,18.51219512195122,-18.48780487804878,9,0.5001486988880458,4.501338289992412,-0.16147581353985427,-0.008450771885177738,-0.0051462994434119695,-0.17507288486844397,-0.7880622801977599,14.708894144422823,14.449410222894294
18.6890243902439,-18.3109756097561,18.51219512195122,-18.48780487804878,18.865853658536587,-18.134146341463413,9,0.5001486988880458,4.501338289992412,-0.16147581353985427,-0.008290646184641863,-0.00524556295113325,-0.17501202267562938,-0.7877883188788307,14.425172692641029,14.722995105875707
19.04268292682927,-17.95731707317073,18.865853658536587,-18.134146341463413,19.21951219512195,-17.78048780487805,9,0.5001486988880458,4.501338289992412,-0.16147581353985427,-0.00813052048410599,-0.005344826458854532,-0.17495116048281478,-0.7875143575599015,14.141645018377499,14.996386211338857
19.396341463414636,-17.603658536585364,19.21951219512195,-17.78048780487805,19.573170731707318,-17.426829268292682,9,0.5001486988880458,4.501338289992412,-0.16147581353985427,-0.007970394783570115,-0.005444089966575815,-0.1748902982900002,-0.7872403962409723,13.858311121632237,15.269583539283738
19.75,-17.25,19.573170731707318,-17.426829268292682,19.926829268292682,-17.073170731707318,9,0.5001486988880458,4.501338289992412,-0.16147581353985427,-0.007810269083034243,-0.005543353474297096,-0.17482943609718563,-0.7869664349220432,13.575171002405245,15.542587089710354
20.103658536585364,-16.896341463414636,19.926829268292682,-17.073170731707318,20.28048780487805,-16.71951219512195,9,0.5001486988880458,4.501338289992412,-0.16147581353985427,-0.00765014338249837,-0.005642616982018377,-0.174768573904371,-0.7866924736031139,13.292224660696517,15.815396862618696
20.45731707317073,-16.54268292682927,20.28048780487805,-16.71951219512195,20.634146341463413,-16.365853658536587,9,0.5001486988880458,4.501338289992412,-0.16147581353985427,-0.007490017681962496,-0.005741880489739659,-0.17470771171155644,-0.7864185122841847,13.009472096506055,16.088012858008778
20.8109756097561,-16.1890243902439,20.634146341463413,-16.365853658536587,20.98780487804878,-16.01219512195122,9,0.5001486988880458,4.501338289992412,-0.16147581353985427,-0.007329891981426622,-0.005841143997460942,-0.17464684951874182,-0.7861445509652554,12.72691330983386,16.36043507588059
21.164634146341463,-15.835365853658537,20.98780487804878,-16.01219512195122,21.34146341463415,-15.658536585365853,9,0.5001486988880458,4.501338289992412,-0.16147581353985427,-0.007169766280890749,-0.005940407505182222,-0.17458598732592723,-0.7858705896463262,12.444548300679934,16.632663516234135
21.51829268292683,-15.48170731707317,21.34146341463415,-15.658536585365853,21.695121951219512,-15.304878048780488,9,0.5001486988880458,4.501338289992412,-0.16147581353985427,-0.0070096405803548745,-0.006039671012903505,-0.17452512513311266,-0.7855966283273971,12.162377069044275,16.904698179069417
21.871951219512194,-15.128048780487806,21.695121951219512,-15.304878048780488,22.048780487804876,-14.951219512195122,9,0.5001486988880458,4.501338289992412,-0.16147581353985427,-0.0068495148798190025,-0.006138934520624786,-0.17446426294029804,-0.7853226670084678,11.880399614926882,17.176539064386425
22.225609756097562,-14.774390243902438,22.048780487804876,-14.951219512195122,22.402439024390244,-14.597560975609756,9,0.5001486988880458,4.501338289992412,-0.16147581353985427,-0.006689389179283128,-0.006238198028346068,-0.17440340074748348,-0.7850487056895387,11.598615938327756,17.448186172185174
22.579268292682926,-14.420731707317072,22.402439024390244,-14.597560975609756,22.75609756097561,-14.243902439024389,9,0.5001486988880458,4.501338289992412,-0.16147581353985427,-0.006529263478747254,-0.006337461536067349,-0.17434253855466886,-0.7847747443706092,11.317026039246894,17.719639502465647
22.932926829268293,-14.067073170731707,22.75609756097561,-14.243902439024389,23.109756097560975,-13.890243902439025,9,0.5001486988880458,4.501338289992412,-0.16147581353985427,-0.006369137778211381,-0.0064367250437886315,-0.1742816763618543,-0.7845007830516801,11.035629917684306,17.99089905522786
23.286585365853657,-13.713414634146343,23.109756097560975,-13.890243902439025,23.46341463414634,-13.536585365853659,9,0.5001486988880458,4.501338289992412,-0.16147581353985427,-0.006209012077675508,-0.006535988551509913,-0.1742208141690397,-0.7842268217327509,10.754427573639981,18.261964830471804
23.640243902439025,-13.359756097560975,23.46341463414634,-13.536585365853659,23.81707317073171,-13.182926829268292,9,0.5001486988880458,4.501338289992412,-0.16147581353985427,-0.006048886377139634,-0.006635252059231195,-0.17415995197622508,-0.7839528604138216,10.473419007113922,18.53283682819748
23.993902439024392,-13.006097560975608,23.81707317073171,-13.182926829268292,24.170731707317074,-12.829268292682926,9,0.5001486988880458,4.501338289992412,-0.16147581353985427,-0.005888760676603761,-0.006734515566952478,-0.17409908978341052,-0.7836788990948925,10.192604218106132,18.803515048404893
24.347560975609756,-12.652439024390244,24.170731707317074,-12.829268292682926,24.524390243902438,-12.47560975609756,9,0.5001486988880458,4.501338289992412,-0.16147581353985427,-0.005728634976067888,-0.006833779074673758,-0.1740382275905959,-0.7834049377759631,9.911983206616606,19.07399949109403
24.70121951219512,-12.298780487804878,24.524390243902438,-12.47560975609756,24.878048780487802,-12.121951219512196,9,0.5001486988880458,4.501338289992412,-0.16147581353985427,-0.005568509275532014,-0.00693304258239504,-0.17397736539778133,-0.783130976457034,9.631555972645351,19.344290156264904
25.054878048780488,-11.945121951219512,24.878048780487802,-12.121951219512196,25.231707317073173,-11.768292682926829,9,0.5001486988880458,4.501338289992412,-0.16147581353985427,-0.005408383574996141,-0.007032306090116321,-0.17391650320496674,-0.7828570151381048,9.351322516192361,19.614387043917517
25.408536585365855,-11.591463414634145,25.231707317073173,-11.768292682926829,25.585365853658537,-11.414634146341463,9,0.5001486988880458,4.501338289992412,-0.16147581353985427,-0.0052482578744602664,-0.007131569597837604,-0.17385564101215215,-0.7825830538191756,9.071282837257638,19.884290154051858
25.76219512195122,-11.237804878048781,25.585365853658537,-11.414634146341463,25.9390243902439,-11.060975609756097,9,0.5001486988880458,4.501338289992412,-0.16147581353985427,-0.0050881321739243935,-0.007230833105558886,-0.17379477881933755,-0.7823090925002464,8.791436935841183,20.15399948666793
26.115853658536587,-10.884146341463413,25.9390243902439,-11.060975609756097,26.29268292682927,-10.707317073170731,9,0.5001486988880458,4.501338289992412,-0.16147581353985427,-0.00492800647338852,-0.007330096613280168,-0.17373391662652293,-0.782035131181317,8.511784811942992,20.423515041765736
26.46951219512195,-10.53048780487805,26.29268292682927,-10.707317073170731,26.646341463414636,-10.353658536585366,9,0.5001486988880458,4.501338289992412,-0.16147581353985427,-0.004767880772852647,-0.007429360121001449,-0.17367305443370837,-0.7817611698623879,8.232326465563073,20.692836819345278
26.823170731707318,-10.176829268292682,26.646341463414636,-10.353658536585366,27.0,-10.0,9,0.5001486988880458,4.501338289992412,-0.16147581353985427,-0.004607755072316772,-0.007528623628722731,-0.17361219224089378,-0.7814872085434587,7.953061896701417,20.961964819406553
27.0,-9.75,27.0,-10.0,27.0,-9.5,9,0.5,4.5,-0.16147581353985427,-0.004414499916497615,-0.007578255382583372,-0.17346856883893524,-0.7806085597752086,7.610933457808284,21.07643111393063
27.0,-9.25,27.0,-9.5,27.0,-9.0,9,0.5,4.5,-0.16147581353985427,-0.004188115305395174,-0.007578255382583372,-0.1732421842278328,-0.7795898290252476,7.21120591848354,21.048925383681688
27.0,-8.75,27.0,-9.0,27.0,-8.5,9,0.5,4.5,-0.16147581353985427,-0.003961730694292732,-0.007578255382583372,-0.17301579961673036,-0.7785710982752866,6.812497109908757,21.021419653432737
27.0,-8.25,27.0,-8.5,27.0,-8.0,9,0.5,4.5,-0.16147581353985427,-0.0037353460831902902,-0.007578255382583372,-0.17278941500562792,-0.7775523675253256,6.414807032083936,20.993913923183793
27.0,-7.75,27.0,-8.0,27.0,-7.5,9,0.5,4.5,-0.16147581353985427,-0.003508961472087848,-0.007578255382583372,-0.17256303039452547,-0.7765336367753646,6.018135685009075,20.966408192934843
27.0,-7.25,27.0,-7.5,27.0,-7.0,9,0.5,4.5,-0.16147581353985427,-0.0032825768609854064,-0.007578255382583372,-0.17233664578342303,-0.7755149060254036,5.6224830686841765,20.9389024626859
27.0,-6.75,27.0,-7.0,27.0,-6.5,9,0.5,4.5,-0.16147581353985427,-0.0030561922498829647,-0.007578255382583372,-0.1721102611723206,-0.7744961752754427,5.227849183109238,20.911396732436952
27.0,-6.25,27.0,-6.5,27.0,-6.0,9,0.5,4.5,-0.16147581353985427,-0.002829807638780523,-0.007578255382583372,-0.17188387656121815,-0.7734774445254816,4.83423402828426,20.883891002188005
27.0,-5.75,27.0,-6.0,27.0,-5.5,9,0.5,4.5,-0.16147581353985427,-0.002603423027678081,-0.007578255382583372,-0.1716574919501157,-0.7724587137755207,4.441637604209244,20.856385271939057
27.0,-5.25,27.0,-5.5,27.0,-5.0,9,0.5,4.5,-0.16147581353985427,-0.0023770384165756387,-0.007578255382583372,-0.17143110733901326,-0.7714399830255597,4.050059910884189,20.828879541690114
27.0,-4.75,27.0,-5.0,27.0,-4.5,9,0.5,4.5,-0.16147581353985427,-0.0021506538054731975,-0.007578255382583372,-0.17120472272791082,-0.7704212522755987,3.6595009483090934,20.801373811441163
27.0,-4.25,27.0,-4.5,27.0,-3.999999999999999,9,0.5,4.5,-0.16147581353985427,-0.0019242691943707555,-0.007578255382583372,-0.17097833811680838,-0.7694025215256377,3.2699607164839604,20.77386808119222
27.0,-3.7499999999999996,27.0,-3.999999999999999,27.0,-3.5,9,0.5,4.5,-0.16147581353985427,-0.0016978845832683134,-0.007578255382583372,-0.17075195350570593,-0.7683837907756768,2.881439215408787,20.746362350943272
27.0,-3.2499999999999996,27.0,-3.5,27.0,-2.999999999999999,9,0.5,4.5,-0.16147581353985427,-0.0014714999721658713,-0.007578255382583372,-0.1705255688946035,-0.7673650600257157,2.4939364450835755,20.718856620694325
27.0,-2.7499999999999996,27.0,-2.999999999999999,27.0,-2.5,9,0.5,4.5,-0.16147581353985427,-0.0012451153610634296,-0.007578255382583372,-0.17029918428350105,-0.7663463292757547,2.107452405508325,20.691350890445378
27.0,-2.25,27.0,-2.5,27.0,-2.0,9,0.5,4.5,-0.16147581353985427,-0.0010187307499609879,-0.007578255382583372,-0.1700727996723986,-0.7653275985257937,1.7219870966830355,20.66384516019643
27.0,-1.75,27.0,-2.0,27.0,-1.5,9,0.5,4.5,-0.16147581353985427,-0.0007923461388585462,-0.007578255382583372,-0.16984641506129616,-0.7643088677758327,1.337540518607707,20.636339429947483
27.0,-1.25,27.0,-1.5,27.0,-1.0,9,0.5,4.5,-0.16147581353985427,-0.0005659615277561044,-0.007578255382583372,-0.16962003045019372,-0.7632901370258718,0.9541126712823393,20.60883369969854
27.0,-0.75,27.0,-1.0,27.0,-0.5,9,0.5,4.5,-0.16147581353985427,-0.0003395769166536625,-0.007578255382583372,-0.16939364583909128,-0.7622714062759107,0.5717035547069327,20.58132796944959
27.0,-0.25,27.0,-0.5,27.0,0.0,9,0.5,4.5,-0.16147581353985427,-0.00011319230555122071,-0.007578255382583372,-0.16916726122798884,-0.7612526755259498,0.19031316888148714,20.553822239200645
27.0,0.25,27.0,0.0,27.0,0.5,9,0.5,4.5,-0.16147581353985427,0.0001131923055512211,-0.007578255382583372,-0.16894087661688642,-0.7602339447759889,-0.19005848619399754,20.5263165089517
27.0,0.75,27.0,0.5,27.0,1.0,9,0.5,4.5,-0.16147581353985427,0.00033957691665366293,-0.007578255382583372,-0.16871449200578398,-0.7592152140260279,-0.5694114105195213,20.49881077870275
27.0,1.2500000000000009,27.0,1.0,27.0,1.5000000000000018,9,0.5,4.5,-0.16147581353985427,0.0005659615277561051,-0.007578255382583372,-0.16848810739468154,-0.7581964832760669,-0.9477456040950847,20.471305048453807
27.0,1.7500000000000018,27.0,1.5000000000000018,27.0,2.0000000000000018,9,0.5,4.5,-0.16147581353985427,0.0007923461388585474,-0.007578255382583372,-0.1682617227835791,-0.7571777525261059,-1.325061066920687,20.44379931820486
27.0,2.250000000000001,27.0,2.0000000000000018,27.0,2.5,9,0.5,4.5,-0.16147581353985427,0.0010187307499609887,-0.007578255382583372,-0.16803533817247665,-0.7561590217761449,-1.701357798996327,20.416293587955913
27.0,2.75,27.0,2.5,27.0,3.0,9,0.5,4.5,-0.16147581353985427,0.0012451153610634302,-0.007578255382583372,-0.1678089535613742,-0.755140291026184,-2.0766358003220065,20.388787857706966
27.0,3.25,27.0,3.0,27.0,3.5,9,0.5,4.5,-0.16147581353985427,0.001471499972165872,-0.007578255382583372,-0.16758256895027177,-0.7541215602762229,-2.4508950708977246,20.36128212745802
27.0,3.750000000000001,27.0,3.5,27.0,4.000000000000002,9,0.5,4.5,-0.16147581353985427,0.0016978845832683143,-0.007578255382583372,-0.16735618433916932,-0.753102829526262,-2.8241356107234834,20.33377639720907
27.0,4.250000000000002,27.0,4.000000000000002,27.0,4.500000000000002,9,0.5,4.5,-0.16147581353985427,0.0019242691943707562,-0.007578255382583372,-0.16712979972806688,-0.752084098776301,-3.1963574197992806,20.306270666960128
27.0,4.750000000000001,27.0,4.500000000000002,27.0,5.0,9,0.5,4.5,-0.16147581353985427,0.002150653805473198,-0.007578255382583372,-0.16690341511696444,-0.7510653680263399,-3.567560498125115,20.278764936711177
27.0,5.25,27.0,5.0,27.0,5.5,9,0.5,4.5,-0.16147581353985427,0.0023770384165756387,-0.007578255382583372,-0.166677030505862,-0.750046637276379,-3.9377448457009896,20.251259206462233
27.0,5.75,27.0,5.5,27.0,6.0,9,0.5,4.5,-0.16147581353985427,0.002603423027678081,-0.007578255382583372,-0.16645064589475955,-0.749027906526418,-4.306910462526904,20.223753476213286
27.0,6.25,27.0,6.0,27.0,6.5,9,0.5,4.5,-0.16147581353985427,0.002829807638780523,-0.007578255382583372,-0.1662242612836571,-0.748009175776457,-4.675057348602856,20.19624774596434
27.0,6.75,27.0,6.5,27.0,7.0,9,0.5,4.5,-0.16147581353985427,0.0030561922498829647,-0.007578255382583372,-0.16599787667255467,-0.746990445026496,-5.042185503928848,20.16874201571539
27.0,7.25,27.0,7.0,27.0,7.5,9,0.5,4.5,-0.16147581353985427,0.0032825768609854064,-0.007578255382583372,-0.16577149206145222,-0.745971714276535,-5.408294928504879,20.141236285466444
27.0,7.75,27.0,7.5,27.0,8.0,9,0.5,4.5,-0.16147581353985427,0.003508961472087848,-0.007578255382583372,-0.16554510745034978,-0.744952983526574,-5.773385622330949,20.113730555217497
27.0,8.25,27.0,8.0,27.0,8.5,9,0.5,4.5,-0.16147581353985427,0.0037353460831902902,-0.007578255382583372,-0.16531872283924734,-0.7439342527766131,-6.137457585407057,20.086224824968554
27.0,8.75,27.0,8.5,27.0,9.0,9,0.5,4.5,-0.16147581353985427,0.003961730694292732,-0.007578255382583372,-0.1650923382281449,-0.742915522026652,-6.500510817733205,20.058719094719603
27.0,9.25,27.0,9.0,27.0,9.5,9,0.5,4.5,-0.16147581353985427,0.004188115305395174,-0.007578255382583372,-0.16486595361704245,-0.7418967912766911,-6.862545319309392,20.03121336447066
27.0,9.75,27.0,9.5,27.0,10.0,9,0.5,4.5,-0.16147581353985427,0.004414499916497615,-0.007578255382583372,-0.16463956900594,-0.74087806052673,-7.223561090135617,20.00370763422171
26.823170731707314,10.176829268292682,27.0,10.0,26.646341463414632,10.353658536585366,9,0.5001486988880458,4.501338289992412,-0.16147581353985427,0.004607755072316772,-0.00752862362872273,-0.1643966820962602,-0.7400050798676061,-7.530905355481917,19.849282599619507
26.46951219512195,10.53048780487805,26.646341463414632,10.353658536585366,26.29268292682927,10.707317073170731,9,0.5001486988880458,4.501338289992412,-0.16147581353985427,0.004767880772852647,-0.007429360121001449,-0.16413729288800308,-0.7388374812924674,-7.780319086537142,19.556667721284153
26.115853658536587,10.884146341463413,26.29268292682927,10.707317073170731,25.9390243902439,11.060975609756097,9,0.5001486988880458,4.501338289992412,-0.16147581353985427,0.00492800647338852,-0.007330096613280168,-0.16387790367974592,-0.7376698827173287,-8.028906955185558,19.264878705355603
25.76219512195122,11.237804878048781,25.9390243902439,11.060975609756097,25.585365853658537,11.414634146341463,9,0.5001486988880458,4.501338289992412,-0.16147581353985427,0.0050881321739243935,-0.007230833105558886,-0.16361851447148876,-0.7365022841421899,-8.276668961427172,18.973915551833855
25.40853658536585,11.591463414634145,25.585365853658537,11.414634146341463,25.23170731707317,11.768292682926829,9,0.5001486988880458,4.501338289992412,-0.16147581353985427,0.0052482578744602664,-0.007131569597837604,-0.16335912526323162,-0.7353346855670513,-8.523605105261977,18.683778260718917
25.054878048780488,11.945121951219512,25.23170731707317,11.768292682926829,24.878048780487806,12.121951219512194,9,0.5001486988880458,4.501338289992412,-0.16147581353985427,0.005408383574996141,-0.007032306090116321,-0.16309973605497444,-0.7341670869919124,-8.769715386689978,18.394466832010778
24.701219512195124,12.298780487804878,24.878048780487806,12.121951219512194,24.524390243902438,12.475609756097562,9,0.5001486988880458,4.501338289992412,-0.16147581353985427,0.005568509275532014,-0.0069330425823950406,-0.1628403468467173,-0.7329994884167738,-9.014999805711176,18.105981265709456
24.347560975609756,12.652439024390244,24.524390243902438,12.475609756097562,24.170731707317074,12.829268292682928,9,0.5001486988880458,4.501338289992412,-0.16147581353985427,0.005728634976067888,-0.006833779074673758,-0.16258095763846014,-0.7318318898416349,-9.259458362325564,17.81832156181493
23.99390243902439,13.006097560975611,24.170731707317074,12.829268292682928,23.817073170731707,13.182926829268293,9,0.5001486988880458,4.501338289992412,-0.16147581353985427,0.0058887606766037616,-0.006734515566952476,-0.16232156843020298,-0.7306642912664961,-9.50309105653315,17.531487720327206
23.640243902439025,13.359756097560975,23.817073170731707,13.182926829268293,23.463414634146343,13.536585365853659,9,0.5001486988880458,4.501338289992412,-0.16147581353985427,0.006048886377139634,-0.006635252059231195,-0.16206217922194582,-0.7294966926913574,-9.745897888333927,17.245479741246296
23.28658536585366,13.713414634146343,23.463414634146343,13.536585365853659,23.109756097560975,13.890243902439025,9,0.5001486988880458,4.501338289992412,-0.16147581353985427,0.006209012077675508,-0.006535988551509914,-0.16180279001368866,-0.7283290941162186,-9.987878857727901,16.96029762457219
22.932926829268293,14.067073170731707,23.109756097560975,13.890243902439025,22.75609756097561,14.24390243902439,9,0.5001486988880458,4.501338289992412,-0.16147581353985427,0.006369137778211381,-0.0064367250437886315,-0.16154340080543153,-0.72716149554108,-10.22903396471507,16.67594137030489
22.579268292682926,14.420731707317074,22.75609756097561,14.24390243902439,22.402439024390244,14.597560975609756,9,0.5001486988880458,4.501338289992412,-0.16147581353985427,0.006529263478747255,-0.006337461536067349,-0.16128401159717437,-0.7259938969659412,-10.469363209295434,16.392410978444392
22.225609756097562,14.774390243902438,22.402439024390244,14.597560975609756,22.048780487804876,14.951219512195122,9,0.5001486988880458,4.501338289992412,-0.16147581353985427,0.006689389179283128,-0.006238198028346068,-0.1610246223889172,-0.7248262983908025,-10.70886659146899,16.109706448990703
21.871951219512194,15.128048780487806,22.048780487804876,14.951219512195122,21.695121951219512,15.304878048780488,9,0.5001486988880458,4.501338289992412,-0.16147581353985427,0.0068495148798190025,-0.006138934520624786,-0.16076523318066005,-0.7236586998156637,-10.947544111235741,15.827827781943814
21.518292682926827,15.481707317073171,21.695121951219512,15.304878048780488,21.341463414634145,15.658536585365855,9,0.5001486988880458,4.501338289992412,-0.16147581353985427,0.007009640580354875,-0.006039671012903504,-0.1605058439724029,-0.7224911012405248,-11.185395768595686,15.54677497730373
21.164634146341463,15.835365853658537,21.341463414634145,15.658536585365855,20.98780487804878,16.01219512195122,9,0.5001486988880458,4.501338289992412,-0.16147581353985427,0.007169766280890749,-0.005940407505182222,-0.16024645476414573,-0.7213235026653861,-11.422421563548829,15.266548035070459
20.8109756097561,16.1890243902439,20.98780487804878,16.01219512195122,20.634146341463413,16.365853658536587,9,0.5001486988880458,4.501338289992412,-0.16147581353985427,0.007329891981426622,-0.005841143997460942,-0.1599870655558886,-0.7201559040902474,-11.658621496095163,14.987146955243992
20.45731707317073,16.54268292682927,20.634146341463413,16.365853658536587,20.28048780487805,16.71951219512195,9,0.5001486988880458,4.501338289992412,-0.16147581353985427,0.007490017681962496,-0.005741880489739659,-0.15972767634763144,-0.7189883055151087,-11.893995566234695,14.708571737824327
20.103658536585364,16.896341463414636,20.28048780487805,16.71951219512195,19.926829268292682,17.073170731707318,9,0.5001486988880458,4.501338289992412,-0.16147581353985427,0.00765014338249837,-0.005642616982018377,-0.15946828713937428,-0.7178207069399699,-12.12854377396742,14.430822382811467
19.75,17.25,19.926829268292682,17.073170731707318,19.573170731707318,17.426829268292682,9,0.5001486988880458,4.501338289992412,-0.16147581353985427,0.007810269083034243,-0.005543353474297096,-0.15920889793111712,-0.7166531083648312,-12.362266119293338,14.153898890205417
19.396341463414636,17.603658536585364,19.573170731707318,17.426829268292682,19.21951219512195,17.78048780487805,9,0.5001486988880458,4.501338289992412,-0.16147581353985427,0.007970394783570115,-0.005444089966575815,-0.15894950872285996,-0.7154855097896924,-12.595162602212449,13.87780126000617
19.04268292682927,17.95731707317073,19.21951219512195,17.78048780487805,18.865853658536587,18.134146341463413,9,0.5001486988880458,4.501338289992412,-0.16147581353985427,0.00813052048410599,-0.005344826458854532,-0.15869011951460282,-0.7143179112145538,-12.827233222724761,13.602529492213728
18.6890243902439,18.3109756097561,18.865853658536587,18.134146341463413,18.51219512195122,18.48780487804878,9,0.5001486988880458,4.501338289992412,-0.16147581353985427,0.008290646184641863,-0.00524556295113325,-0.15843073030634564,-0.7131503126394149,-13.058477980830261,13.328083586828088
18.335365853658537,18.664634146341463,18.51219512195122,18.48780487804878,18.15853658536585,18.84146341463415,9,0.5001486988880458,4.501338289992412,-0.16147581353985427,0.008450771885177738,-0.0051462994434119695,-0.1581713410980885,-0.7119827140642762,-13.288896876528959,13.054463543849259
17.98170731707317,19.01829268292683,18.15853658536585,18.84146341463415,17.804878048780488,19.195121951219512,9,0.5001486988880458,4.501338289992412,-0.16147581353985427,0.00861089758571361,-0.005047035935690687,-0.15791195188983134,-0.7108151154891375,-13.518489909820852,12.781669363277233
17.628048780487806,19.371951219512194,17.804878048780488,19.195121951219512,17.451219512195124,19.548780487804876,9,0.5001486988880458,4.501338289992412,-0.16147581353985427,0.008771023286249484,-0.004947772427969406,-0.15765256268157418,-0.7096475169139986,-13.747257080705936,12.509701045112013
17.274390243902438,19.725609756097562,17.451219512195124,19.548780487804876,17.097560975609756,19.902439024390244,9,0.5001486988880458,4.501338289992412,-0.16147581353985427,0.008931148986785358,-0.004848508920248123,-0.15739317347331705,-0.70847991833886,-13.975198389184222,12.2385585893536
16.920731707317074,20.079268292682926,17.097560975609756,19.902439024390244,16.74390243902439,20.25609756097561,9,0.5001486988880458,4.501338289992412,-0.16147581353985427,0.00909127468732123,-0.004749245412526843,-0.15713378426505986,-0.7073123197637211,-14.202313835255692,11.96824199600199
16.567073170731707,20.432926829268293,16.74390243902439,20.25609756097561,16.390243902439025,20.609756097560975,9,0.5001486988880458,4.501338289992412,-0.16147581353985427,0.009251400387857104,-0.00464998190480556,-0.15687439505680273,-0.7061447211885825,-14.428603418920366,11.698751265057187
16.213414634146343,20.786585365853657,16.390243902439025,20.609756097560975,16.03658536585366,20.96341463414634,9,0.5001486988880458,4.501338289992412,-0.16147581353985427,0.009411526088392977,-0.004550718397084279,-0.15661500584854557,-0.7049771226134437,-14.654067140178228,11.430086396519188
15.859756097560975,21.140243902439025,16.03658536585366,20.96341463414634,15.682926829268292,21.31707317073171,9,0.5001486988880458,4.501338289992412,-0.16147581353985427,0.009571651788928852,-0.004451454889362996,-0.1563556166402884,-0.7038095240383049,-14.878704999029287,11.162247390387993
15.506097560975608,21.493902439024392,15.682926829268292,21.31707317073171,15.329268292682926,21.670731707317074,9,0.5001486988880458,4.501338289992412,-0.16147581353985427,0.009731777489464724,-0.004352191381641714,-0.15609622743203128,-0.7026419254631663,-15.102516995473545,10.895234246663607
15.152439024390244,21.847560975609756,15.329268292682926,21.670731707317074,14.97560975609756,22.024390243902438,9,0.5001486988880458,4.501338289992412,-0.16147581353985427,0.009891903190000599,-0.0042529278739204335,-0.1558368382237741,-0.7014743268880274,-15.325503129510988,10.629046965346024
14.798780487804878,22.20121951219512,14.97560975609756,22.024390243902438,14.621951219512196,22.378048780487802,9,0.5001486988880458,4.501338289992412,-0.16147581353985427,0.01005202889053647,-0.004153664366199151,-0.15557744901551696,-0.7003067283128888,-15.547663401141632,10.36368554643525
14.445121951219512,22.554878048780488,14.621951219512196,22.378048780487802,14.268292682926829,22.731707317073173,9,0.5001486988880458,4.501338289992412,-0.16147581353985427,0.010212154591072345,-0.00405440085847787,-0.15531805980725977,-0.6991391297377498,-15.768997810365468,10.099149989931277
14.091463414634145,22.908536585365855,14.268292682926829,22.731707317073173,13.914634146341463,23.085365853658537,9,0.5001486988880458,4.501338289992412,-0.16147581353985427,0.01037228029160822,-0.003955137350756587,-0.15505867059900263,-0.6979715311626112,-15.989506357182503,9.835440295834113
13.737804878048781,23.26219512195122,13.914634146341463,23.085365853658537,13.560975609756097,23.4390243902439,9,0.5001486988880458,4.501338289992412,-0.16147581353985427,0.010532405992144092,-0.0038558738430353066,-0.1547992813907455,-0.6968039325874725,-16.20918904159273,9.572556464143753
13.384146341463413,23.615853658536587,13.560975609756097,23.4390243902439,13.207317073170731,23.79268292682927,9,0.5001486988880458,4.501338289992412,-0.16147581353985427,0.010692531692679965,-0.0037566103353140244,-0.15453989218248831,-0.6956363340123336,-16.428045863596147,9.310498494860196
13.03048780487805,23.96951219512195,13.207317073170731,23.79268292682927,12.853658536585366,24.146341463414636,9,0.5001486988880458,4.501338289992412,-0.16147581353985427,0.010852657393215838,-0.0036573468275927427,-0.15428050297423118,-0.694468735437195,-16.646076823192764,9.04926638798345
12.676829268292682,24.323170731707318,12.853658536585366,24.146341463414636,12.5,24.5,9,0.5001486988880458,4.501338289992412,-0.16147581353985427,0.011012783093751713,-0.0035580833198714606,-0.154021113765974,-0.6933011368620561,-16.863281920382573,8.788860143513503
12.25,24.5,12.5,24.5,12.0,24.5,9,0.5,4.5,-0.16147581353985427,0.01109284594401965,-0.003438282534690604,-0.15382125013052522,-0.6921956255873635,-16.958792826890406,8.479396413445203
11.75,24.5,12.0,24.5,11.5,24.5,9,0.5,4.5,-0.16147581353985427,0.01109284594401965,-0.003297944472050171,-0.15368091206788478,-0.6915641043054815,-16.9433205554843,8.125878225589409
11.25,24.5,11.5,24.5,11.0,24.5,9,0.5,4.5,-0.16147581353985427,0.01109284594401965,-0.003157606409409738,-0.15354057400524435,-0.6909325830235995,-16.927848284078188,7.7729915590154945
10.75,24.5,11.0,24.5,10.5,24.5,9,0.5,4.5,-0.16147581353985427,0.01109284594401965,-0.0030172683467693056,-0.1534002359426039,-0.6903010617417176,-16.91237601267208,7.420736413723464
10.25,24.5,10.5,24.5,10.0,24.5,9,0.5,4.5,-0.16147581353985427,0.01109284594401965,-0.0028769302841288725,-0.15325989787996347,-0.6896695404598356,-16.896903741265973,7.069112789713316
9.75,24.5,10.0,24.5,9.5,24.5,9,0.5,4.5,-0.16147581353985427,0.01109284594401965,-0.00273659222148844,-0.15311955981732306,-0.6890380191779537,-16.881431469859866,6.718120686985048
9.25,24.5,9.5,24.5,9.0,24.5,9,0.5,4.5,-0.16147581353985427,0.01109284594401965,-0.002596254158848007,-0.15297922175468262,-0.6884064978960718,-16.86595919845376,6.367760105538664
8.75,24.5,9.0,24.5,8.5,24.5,9,0.5,4.5,-0.16147581353985427,0.01109284594401965,-0.0024559160962075743,-0.15283888369204218,-0.6877749766141898,-16.85048692704765,6.018031045374161
8.25,24.5,8.5,24.5,8.0,24.5,9,0.5,4.5,-0.16147581353985427,0.01109284594401965,-0.0023155780335671412,-0.15269854562940174,-0.6871434553323078,-16.83501465564154,5.668933506491539
7.75,24.5,8.0,24.5,7.5,24.5,9,0.5,4.5,-0.16147581353985427,0.01109284594401965,-0.0021752399709267086,-0.1525582075667613,-0.6865119340504259,-16.819542384235433,5.320467488890801
7.25,24.5,7.5,24.5,7.0,24.5,9,0.5,4.5,-0.16147581353985427,0.01109284594401965,-0.0020349019082862756,-0.1524178695041209,-0.6858804127685441,-16.80407011282933,4.972632992571945
6.75,24.5,7.0,24.5,6.5,24.5,9,0.5,4.5,-0.16147581353985427,0.01109284594401965,-0.001894563845645843,-0.15227753144148046,-0.685248891486662,-16.78859784142322,4.625430017534969
6.25,24.5,6.5,24.5,6.0,24.5,9,0.5,4.5,-0.16147581353985427,0.01109284594401965,-0.0017542257830054102,-0.15213719337884002,-0.6846173702047801,-16.77312557001711,4.278858563779876
5.75,24.5,6.0,24.5,5.499999999999999,24.5,9,0.5,4.5,-0.16147581353985427,0.01109284594401965,-0.0016138877203649774,-0.15199685531619958,-0.6839858489228982,-16.757653298611004,3.932918631306664
5.25,24.5,5.499999999999999,24.5,5.0,24.5,9,0.5,4.5,-0.16147581353985427,0.01109284594401965,-0.0014735496577245445,-0.15185651725355914,-0.6833543276410161,-16.742181027204893,3.5876102201153346
4.75,24.5,5.0,24.5,4.5,24.5,9,0.5,4.5,-0.16147581353985427,0.01109284594401965,-0.0013332115950841117,-0.15171617919091873,-0.6827228063591343,-16.72670875579879,3.242933330205888
4.25,24.5,4.5,24.5,4.0,24.5,9,0.5,4.5,-0.16147581353985427,0.01109284594401965,-0.0011928735324436789,-0.1515758411282783,-0.6820912850772524,-16.711236484392682,2.8988879615783225
3.75,24.5,4.0,24.5,3.5,24.5,9,0.5,4.5,-0.16147581353985427,0.01109284594401965,-0.0010525354698032458,-0.15143550306563786,-0.6814597637953703,-16.695764212986575,2.5554741142326383
3.25,24.5,3.5,24.5,3.0,24.5,9,0.5,4.5,-0.16147581353985427,0.01109284594401965,-0.000912197407162813,-0.15129516500299742,-0.6808282425134884,-16.680291941580464,2.212691788168837
2.75,24.5,3.0,24.5,2.5,24.5,9,0.5,4.5,-0.16147581353985427,0.01109284594401965,-0.0007718593445223803,-0.15115482694035698,-0.6801967212316065,-16.66481967017436,1.8705409833869175
2.25,24.5,2.5,24.5,2.0,24.5,9,0.5,4.5,-0.16147581353985427,0.01109284594401965,-0.0006315212818819475,-0.15101448887771657,-0.6795651999497245,-16.64934739876825,1.52902169988688
1.75,24.5,2.0,24.5,1.5,24.5,9,0.5,4.5,-0.16147581353985427,0.01109284594401965,-0.0004911832192415148,-0.15087415081507613,-0.6789336786678426,-16.633875127362145,1.1881339376687243
1.25,24.5,1.5,24.5,1.0,24.5,9,0.5,4.5,-0.16147581353985427,0.01109284594401965,-0.0003508451566010819,-0.1507338127524357,-0.6783021573859607,-16.618402855956035,0.8478776967324505
0.75,24.5,1.0,24.5,0.5,24.5,9,0.5,4.5,-0.16147581353985427,0.01109284594401965,-0.0002105070939606491,-0.15059347468979525,-0.6776706361040786,-16.602930584549927,0.5082529770780587
0.25,24.5,0.5,24.5,0.0,24.5,9,0.5,4.5,-0.16147581353985427,0.01109284594401965,-7.016903132021629e-05,-0.15045313662715482,-0.6770391148221967,-16.58745831314382,0.1692597787055489
-0.25,24.5,0.0,24.5,-0.5,24.5,9,0.5,4.5,-0.16147581353985427,0.01109284594401965,7.016903132021652e-05,-0.1503127985645144,-0.6764075935403149,-16.571986041737716,-0.16910189838507902
-0.75,24.5,-0.5,24.5,-1.0,24.5,9,0.5,4.5,-0.16147581353985427,0.01109284594401965,0.00021050709396064934,-0.15017246050187397,-0.6757760722584328,-16.556513770331605,-0.5068320541938249
-1.2500000000000009,24.5,-1.0,24.5,-1.5000000000000018,24.5,9,0.5,4.5,-0.16147581353985427,0.01109284594401965,0.0003508451566010824,-0.15003212243923353,-0.6751445509765509,-16.541041498925498,-0.8439306887206895
-1.75,24.5,-1.5000000000000018,24.5,-1.9999999999999982,24.5,9,0.5,4.5,-0.16147581353985427,0.01109284594401965,0.0004911832192415149,-0.1498917843765931,-0.6745130296946689,-16.525569227519387,-1.180397801965671
-2.249999999999999,24.5,-1.9999999999999982,24.5,-2.5,24.5,9,0.5,4.5,-0.16147581353985427,0.01109284594401965,0.0006315212818819475,-0.14975144631395265,-0.6738815084127869,-16.51009695611328,-1.5162333939287702
-2.75,24.5,-2.5,24.5,-3.0,24.5,9,0.5,4.5,-0.16147581353985427,0.01109284594401965,0.0007718593445223805,-0.14961110825131224,-0.6732499871309051,-16.494624684707176,-1.8514374646099894
-3.25,24.5,-3.0,24.5,-3.5,24.5,9,0.5,4.5,-0.16147581353985427,0.01109284594401965,0.0009121974071628135,-0.1494707701886718,-0.6726184658490231,-16.479152413301065,-2.1860100140093253
-3.75,24.5,-3.5,24.5,-4.0,24.5,9,0.5,4.5,-0.16147581353985427,0.01109284594401965,0.0010525354698032463,-0.14933043212603136,-0.6719869445671411,-16.463680141894958,-2.5199510421267797
-4.25,24.5,-4.0,24.5,-4.5,24.5,9,0.5,4.5,-0.16147581353985427,0.01109284594401965,0.0011928735324436789,-0.14919009406339093,-0.6713554232852592,-16.44820787048885,-2.8532605489623517
-4.75,24.5,-4.5,24.5,-5.0,24.5,9,0.5,4.5,-0.16147581353985427,0.01109284594401965,0.0013332115950841117,-0.1490497560007505,-0.6707239020033772,-16.43273559908274,-3.1859385345160414
-5.25,24.5,-5.0,24.5,-5.5,24.5,9,0.5,4.5,-0.16147581353985427,0.01109284594401965,0.0014735496577245445,-0.14890941793811008,-0.6700923807214954,-16.417263327676636,-3.5179849987878504
-5.75,24.5,-5.5,24.5,-6.0,24.5,9,0.5,4.5,-0.16147581353985427,0.01109284594401965,0.0016138877203649774,-0.14876907987546964,-0.6694608594396134,-16.40179105627053,-3.849399941777777
-6.25,24.5,-6.0,24.5,-6.5,24.5,9,0.5,4.5,-0.16147581353985427,0.01109284594401965,0.0017542257830054102,-0.1486287418128292,-0.6688293381577314,-16.386318784864418,-4.180183363485821
-6.75,24.5,-6.5,24.5,-7.0,24.5,9,0.5,4.5,-0.16147581353985427,0.01109284594401965,0.001894563845645843,-0.14848840375018876,-0.6681978168758494,-16.37084651345831,-4.510335263911983
-7.25,24.5,-7.0,24.5,-7.5,24.5,9,0.5,4.5,-0.16147581353985427,0.01109284594401965,0.0020349019082862756,-0.14834806568754833,-0.6675662955939674,-16.3553742420522,-4.839855643056263
-7.75,24.5,-7.5,24.5,-8.0,24.5,9,0.5,4.5,-0.16147581353985427,0.01109284594401965,0.0021752399709267086,-0.14820772762490791,-0.6669347743120856,-16.339901970646096,-5.168744500918663
-8.25,24.5,-8.0,24.5,-8.5,24.5,9,0.5,4.5,-0.16147581353985427,0.01109284594401965,0.0023155780335671412,-0.14806738956226748,-0.6663032530302037,-16.32442969923999,-5.49700183749918
-8.75,24.5,-8.5,24.5,-9.0,24.5,9,0.5,4.5,-0.16147581353985427,0.01109284594401965,0.0024559160962075743,-0.14792705149962704,-0.6656717317483216,-16.308957427833878,-5.8246276527978145
-9.25,24.5,-9.0,24.5,-9.5,24.5,9,0.5,4.5,-0.16147581353985427,0.01109284594401965,0.002596254158848007,-0.1477867134369866,-0.6650402104664397,-16.29348515642777,-6.151621946814567
-9.75,24.5,-9.5,24.5,-10.0,24.5,9,0.5,4.5,-0.16147581353985427,0.01109284594401965,0.00273659222148844,-0.14764637537434616,-0.6644086891845578,-16.278012885021663,-6.477984719549438
-10.25,24.5,-10.0,24.5,-10.5,24.5,9,0.5,4.5,-0.16147581353985427,0.01109284594401965,0.0028769302841288725,-0.14750603731170575,-0.6637771679026758,-16.262540613615556,-6.803715971002427
-10.75,24.5,-10.5,24.5,-11.0,24.5,9,0.5,4.5,-0.16147581353985427,0.01109284594401965,0.0030172683467693056,-0.1473656992490653,-0.6631456466207939,-16.24706834220945,-7.128815701173535
-11.25,24.5,-11.0,24.5,-11.5,24.5,9,0.5,4.5,-0.16147581353985427,0.01109284594401965,0.003157606409409738,-0.14722536118642487,-0.662514125338912,-16.23159607080334,-7.453283910062759
-11.75,24.5,-11.5,24.5,-12.0,24.5,9,0.5,4.5,-0.16147581353985427,0.01109284594401965,0.003297944472050171,-0.14708502312378444,-0.6618826040570299,-16.216123799397234,-7.777120597670102
-12.25,24.5,-12.0,24.5,-12.5,24.5,9,0.5,4.5,-0.16147581353985427,0.01109284594401965,0.003438282534690604,-0.146944685061144,-0.661251082775148,-16.200651527991127,-8.100325763995563
-12.676829268292682,24.323170731707314,-12.5,24.5,-12.853658536585366,24.146341463414632,9,0.5001486988880458,4.501338289992412,-0.16147581353985427,0.011012783093751711,0.0035580833198714606,-0.14690494712623112,-0.6612688634886149,-16.08415546619564,-8.382792482883112
-13.03048780487805,23.96951219512195,-12.853658536585366,24.146341463414632,-13.207317073170731,23.79268292682927,9,0.5001486988880458,4.501338289992412,-0.16147581353985427,0.010852657393215838,0.0036573468275927427,-0.14696580931904568,-0.661542824807544,-15.85685880681985,-8.620225711059279
-13.384146341463413,23.615853658536587,-13.207317073170731,23.79268292682927,-13.560975609756097,23.4390243902439,9,0.5001486988880458,4.501338289992412,-0.16147581353985427,0.010692531692679965,0.0037566103353140244,-0.14702667151186027,-0.6618167861264732,-15.629368369925798,-8.85785271675371
-13.737804878048781,23.26219512195122,-13.560975609756097,23.4390243902439,-13.914634146341463,23.085365853658537,9,0.5001486988880458,4.501338289992412,-0.16147581353985427,0.010532405992144092,0.0038558738430353066,-0.14708753370467487,-0.6620907474454024,-15.401684155513477,-9.095673499966413
-14.091463414634145,22.90853658536585,-13.914634146341463,23.085365853658537,-14.268292682926829,22.73170731707317,9,0.5001486988880458,4.501338289992412,-0.16147581353985427,0.010372280291608218,0.003955137350756587,-0.14714839589748946,-0.6623647087643316,-15.173806163582888,-9.33368806069738
-14.445121951219512,22.554878048780488,-14.268292682926829,22.73170731707317,-14.621951219512194,22.378048780487806,9,0.5001486988880458,4.501338289992412,-0.16147581353985427,0.010212154591072345,0.00405440085847787,-0.14720925809030405,-0.6626386700832608,-14.945734394134035,-9.571896398946615
-14.798780487804878,22.201219512195124,-14.621951219512194,22.378048780487806,-14.975609756097562,22.024390243902438,9,0.5001486988880458,4.501338289992412,-0.16147581353985427,0.010052028890536472,0.004153664366199151,-0.14727012028311864,-0.6629126314021901,-14.717468847166918,-9.810298514714118
-15.152439024390244,21.847560975609756,-14.975609756097562,22.024390243902438,-15.329268292682928,21.670731707317074,9,0.5001486988880458,4.501338289992412,-0.16147581353985427,0.009891903190000599,0.0042529278739204335,-0.14733098247593324,-0.6631865927211194,-14.489009522681528,-10.048894407999887
-15.506097560975611,21.49390243902439,-15.329268292682928,21.670731707317074,-15.682926829268293,21.317073170731707,9,0.5001486988880458,4.501338289992412,-0.16147581353985427,0.009731777489464723,0.004352191381641716,-0.14739184466874783,-0.6634605540400486,-14.260356420677871,-10.287684078803924
-15.859756097560975,21.140243902439025,-15.682926829268293,21.317073170731707,-16.036585365853657,20.963414634146343,9,0.5001486988880458,4.501338289992412,-0.16147581353985427,0.009571651788928852,0.004451454889362996,-0.14745270686156242,-0.6637345153589778,-14.03150954115595,-10.526667527126227
-16.21341463414634,20.78658536585366,-16.036585365853657,20.963414634146343,-16.390243902439025,20.609756097560975,9,0.5001486988880458,4.501338289992412,-0.16147581353985427,0.009411526088392979,0.004550718397084278,-0.147513569054377,-0.6640084766779069,-13.802468884115761,-10.765844752966792
-16.567073170731707,20.432926829268293,-16.390243902439025,20.609756097560975,-16.74390243902439,20.25609756097561,9,0.5001486988880458,4.501338289992412,-0.16147581353985427,0.009251400387857104,0.00464998190480556,-0.1475744312471916,-0.6642824379968362,-13.573234449557305,-11.005215756325633
-16.920731707317074,20.079268292682926,-16.74390243902439,20.25609756097561,-17.097560975609756,19.902439024390244,9,0.5001486988880458,4.501338289992412,-0.16147581353985427,0.00909127468732123,0.004749245412526843,-0.1476352934400062,-0.6645563993157655,-13.343806237480583,-11.24478053720274
-17.274390243902438,19.725609756097562,-17.097560975609756,19.902439024390244,-17.451219512195124,19.548780487804876,9,0.5001486988880458,4.501338289992412,-0.16147581353985427,0.008931148986785358,0.004848508920248123,-0.1476961556328208,-0.6648303606346947,-13.114184247885595,-11.484539095598109
-17.628048780487806,19.371951219512194,-17.451219512195124,19.548780487804876,-17.804878048780488,19.195121951219512,9,0.5001486988880458,4.501338289992412,-0.16147581353985427,0.008771023286249484,0.004947772427969406,-0.14775701782563538,-0.6651043219536239,-12.884368480772336,-11.72449143151175
-17.981707317073173,19.018292682926827,-17.804878048780488,19.195121951219512,-18.158536585365855,18.841463414634145,9,0.5001486988880458,4.501338289992412,-0.16147581353985427,0.008610897585713609,0.005047035935690688,-0.14781788001844995,-0.665378283272553,-12.654358936140808,-11.964637544943653
-18.335365853658537,18.664634146341463,-18.158536585365855,18.841463414634145,-18.51219512195122,18.48780487804878,9,0.5001486988880458,4.501338289992412,-0.16147581353985427,0.008450771885177738,0.0051462994434119695,-0.14787874221126457,-0.6656522445914823,-12.42415561399102,-12.204977435893825
-18.6890243902439,18.3109756097561,-18.51219512195122,18.48780487804878,-18.865853658536587,18.134146341463413,9,0.5001486988880458,4.501338289992412,-0.16147581353985427,0.008290646184641863,0.00524556295113325,-0.14793960440407916,-0.6659262059104116,-12.193758514322965,-12.445511104362264
-19.04268292682927,17.95731707317073,-18.865853658536587,18.134146341463413,-19.21951219512195,17.78048780487805,9,0.5001486988880458,4.501338289992412,-0.16147581353985427,0.00813052048410599,0.005344826458854532,-0.14800046659689375,-0.6662001672293408,-11.963167637136639,-12.686238550348973
-19.396341463414636,17.603658536585364,-19.21951219512195,17.78048780487805,-19.573170731707318,17.426829268292682,9,0.5001486988880458,4.501338289992412,-0.16147581353985427,0.007970394783570115,0.005444089966575815,-0.14806132878970835,-0.66647412854827,-11.732382982432044,-12.927159773853946
-19.75,17.25,-19.573170731707318,17.426829268292682,-19.926829268292682,17.073170731707318,9,0.5001486988880458,4.501338289992412,-0.16147581353985427,0.007810269083034243,0.005543353474297096,-0.1481221909825229,-0.6667480898671991,-11.501404550209186,-13.168274774877183
-20.103658536585364,16.896341463414636,-19.926829268292682,17.073170731707318,-20.28048780487805,16.71951219512195,9,0.5001486988880458,4.501338289992412,-0.16147581353985427,0.00765014338249837,0.005642616982018377,-0.14818305317533753,-0.6670220511861285,-11.270232340468063,-13.40958355341869
-20.45731707317073,16.54268292682927,-20.28048780487805,16.71951219512195,-20.634146341463413,16.365853658536587,9,0.5001486988880458,4.501338289992412,-0.16147581353985427,0.007490017681962496,0.005741880489739659,-0.1482439153681521,-0.6672960125050575,-11.038866353208666,-13.651086109478463
-20.8109756097561,16.1890243902439,-20.634146341463413,16.365853658536587,-20.98780487804878,16.01219512195122,9,0.5001486988880458,4.501338289992412,-0.16147581353985427,0.007329891981426622,0.005841143997460942,-0.14830477756096672,-0.667569973823987,-10.807306588431008,-13.892782443056511
-21.164634146341463,15.835365853658537,-20.98780487804878,16.01219512195122,-21.34146341463415,15.658536585365853,9,0.5001486988880458,4.501338289992412,-0.16147581353985427,0.007169766280890749,0.005940407505182222,-0.1483656397537813,-0.6678439351429162,-10.57555304613508,-14.134672554152816
-21.51829268292683,15.48170731707317,-21.34146341463415,15.658536585365853,-21.695121951219512,15.304878048780488,9,0.5001486988880458,4.501338289992412,-0.16147581353985427,0.0070096405803548745,0.006039671012903505,-0.14842650194659587,-0.6681178964618453,-10.343605726320884,-14.376756442767391
-21.871951219512194,15.128048780487806,-21.695121951219512,15.304878048780488,-22.048780487804876,14.951219512195122,9,0.5001486988880458,4.501338289992412,-0.16147581353985427,0.0068495148798190025,0.006138934520624786,-0.1484873641394105,-0.6683918577807746,-10.111464628988426,-14.619034108900234
-22.225609756097562,14.774390243902438,-22.048780487804876,14.951219512195122,-22.402439024390244,14.597560975609756,9,0.5001486988880458,4.501338289992412,-0.16147581353985427,0.006689389179283128,0.006238198028346068,-0.14854822633222506,-0.6686658190997037,-9.879129754137695,-14.86150555255134
-22.579268292682926,14.420731707317072,-22.402439024390244,14.597560975609756,-22.75609756097561,14.243902439024389,9,0.5001486988880458,4.501338289992412,-0.16147581353985427,0.006529263478747254,0.006337461536067349,-0.14860908852503968,-0.6689397804186331,-9.646601101768702,-15.104170773720721
-22.932926829268293,14.067073170731707,-22.75609756097561,14.243902439024389,-23.109756097560975,13.890243902439025,9,0.5001486988880458,4.501338289992412,-0.16147581353985427,0.006369137778211381,0.0064367250437886315,-0.14866995071785424,-0.6692137417375622,-9.413878671881438,-15.347029772408362
-23.286585365853657,13.713414634146343,-23.109756097560975,13.890243902439025,-23.46341463414634,13.536585365853659,9,0.5001486988880458,4.501338289992412,-0.16147581353985427,0.006209012077675508,0.006535988551509913,-0.14873081291066884,-0.6694877030564914,-9.180962464475911,-15.590082548614271
-23.640243902439025,13.359756097560975,-23.46341463414634,13.536585365853659,-23.81707317073171,13.182926829268292,9,0.5001486988880458,4.501338289992412,-0.16147581353985427,0.006048886377139634,0.006635252059231195,-0.14879167510348346,-0.6697616643754207,-8.947852479552115,-15.833329102338453
-23.993902439024392,13.006097560975608,-23.81707317073171,13.182926829268292,-24.170731707317074,12.829268292682926,9,0.5001486988880458,4.501338289992412,-0.16147581353985427,0.005888760676603761,0.006734515566952478,-0.14885253729629802,-0.6700356256943498,-8.714548717110048,-16.076769433580896
-24.347560975609756,12.652439024390244,-24.170731707317074,12.829268292682926,-24.524390243902438,12.47560975609756,9,0.5001486988880458,4.501338289992412,-0.16147581353985427,0.005728634976067888,0.006833779074673758,-0.14891339948911264,-0.6703095870132793,-8.481051177149721,-16.32040354234161
-24.70121951219512,12.298780487804878,-24.524390243902438,12.47560975609756,-24.878048780487802,12.121951219512196,9,0.5001486988880458,4.501338289992412,-0.16147581353985427,0.005568509275532014,0.00693304258239504,-0.1489742616819272,-0.6705835483322083,-8.247359859671123,-16.564231428620584
-25.054878048780488,11.945121951219512,-24.878048780487802,12.121951219512196,-25.231707317073173,11.768292682926829,9,0.5001486988880458,4.501338289992412,-0.16147581353985427,0.005408383574996141,0.007032306090116321,-0.1490351238747418,-0.6708575096511376,-8.013474764674259,-16.80825309241783
-25.408536585365855,11.591463414634145,-25.231707317073173,11.768292682926829,-25.585365853658537,11.414634146341463,9,0.5001486988880458,4.501338289992412,-0.16147581353985427,0.0052482578744602664,0.007131569597837604,-0.1490959860675564,-0.6711314709700668,-7.779395892159126,-17.052468533733343
-25.76219512195122,11.237804878048781,-25.585365853658537,11.414634146341463,-25.9390243902439,11.060975609756097,9,0.5001486988880458,4.501338289992412,-0.16147581353985427,0.0050881321739243935,0.007230833105558886,-0.14915684826037098,-0.671405432288996,-7.5451232421257295,-17.29687775256712
-26.115853658536587,10.884146341463413,-25.9390243902439,11.060975609756097,-26.29268292682927,10.707317073170731,9,0.5001486988880458,4.501338289992412,-0.16147581353985427,0.00492800647338852,0.007330096613280168,-0.1492177104531856,-0.6716793936079253,-7.310656814574064,-17.54148074891917
-26.46951219512195,10.53048780487805,-26.29268292682927,10.707317073170731,-26.646341463414636,10.353658536585366,9,0.5001486988880458,4.501338289992412,-0.16147581353985427,0.004767880772852647,0.007429360121001449,-0.14927857264600017,-0.6719533549268545,-7.0759966095041325,-17.786277522789483
-26.823170731707318,10.176829268292682,-26.646341463414636,10.353658536585366,-27.0,10.0,9,0.5001486988880458,4.501338289992412,-0.16147581353985427,0.004607755072316772,0.007528623628722731,-0.14933943483881476,-0.6722273162457837,-6.841142626915932,-18.031268074178065
-27.0,9.75,-27.0,10.0,-27.0,9.5,9,0.5,4.5,-0.16147581353985427,0.004414499916497615,0.007578255382583372,-0.1494830582407733,-0.6726737620834798,-6.5585691803139285,-18.162191576253957
-27.0,9.25,-27.0,9.5,-27.0,9.0,9,0.5,4.5,-0.16147581353985427,0.004188115305395174,0.007578255382583372,-0.14970944285187573,-0.6736924928334408,-6.231655558709328,-18.1896973065029
-27.0,8.75,-27.0,9.0,-27.0,8.5,9,0.5,4.5,-0.16147581353985427,0.003961730694292732,0.007578255382583372,-0.14993582746297818,-0.6747112235834019,-5.903723206354766,-18.21720303675185
-27.0,8.25,-27.0,8.5,-27.0,8.0,9,0.5,4.5,-0.16147581353985427,0.0037353460831902902,0.007578255382583372,-0.15016221207408062,-0.6757299543333628,-5.574772123250243,-18.244708767000795
-27.0,7.75,-27.0,8.0,-27.0,7.5,9,0.5,4.5,-0.16147581353985427,0.003508961472087848,0.007578255382583372,-0.15038859668518306,-0.6767486850833238,-5.244802309395759,-18.272214497249742
-27.0,7.25,-27.0,7.5,-27.0,7.0,9,0.5,4.5,-0.16147581353985427,0.0032825768609854064,0.007578255382583372,-0.1506149812962855,-0.6777674158332848,-4.913813764791315,-18.29972022749869
-27.0,6.75,-27.0,7.0,-27.0,6.5,9,0.5,4.5,-0.16147581353985427,0.0030561922498829647,0.007578255382583372,-0.15084136590738795,-0.6787861465832458,-4.581806489436909,-18.327225957747636
-27.0,6.25,-27.0,6.5,-27.0,6.0,9,0.5,4.5,-0.16147581353985427,0.002829807638780523,0.007578255382583372,-0.1510677505184904,-0.6798048773332067,-4.248780483332542,-18.35473168799658
-27.0,5.75,-27.0,6.0,-27.0,5.5,9,0.5,4.5,-0.16147581353985427,0.002603423027678081,0.007578255382583372,-0.15129413512959283,-0.6808236080831678,-3.9147357464782147,-18.38223741824553
-27.0,5.25,-27.0,5.5,-27.0,5.0,9,0.5,4.5,-0.16147581353985427,0.0023770384165756387,0.007578255382583372,-0.15152051974069528,-0.6818423388331287,-3.5796722788739257,-18.409743148494474
-27.0,4.75,-27.0,5.0,-27.0,4.5,9,0.5,4.5,-0.16147581353985427,0.0021506538054731975,0.007578255382583372,-0.15174690435179772,-0.6828610695830897,-3.243590080519676,-18.43724887874342
-27.0,4.25,-27.0,4.5,-27.0,3.999999999999999,9,0.5,4.5,-0.16147581353985427,0.0019242691943707555,0.007578255382583372,-0.15197328896290016,-0.6838798003330507,-2.9064891514154656,-18.46475460899237
-27.0,3.7499999999999996,-27.0,3.999999999999999,-27.0,3.5,9,0.5,4.5,-0.16147581353985427,0.0016978845832683136,0.007578255382583372,-0.1521996735740026,-0.6848985310830117,-2.568369491561294,-18.492260339241316
-27.0,3.2499999999999996,-27.0,3.5,-27.0,2.999999999999999,9,0.5,4.5,-0.16147581353985427,0.0014714999721658717,0.007578255382583372,-0.15242605818510505,-0.6859172618329727,-2.2292311009571613,-18.519766069490263
-27.0,2.7499999999999996,-27.0,2.999999999999999,-27.0,2.5,9,0.5,4.5,-0.16147581353985427,0.00124511536106343,0.007578255382583372,-0.1526524427962075,-0.6869359925829337,-1.8890739796030678,-18.54727179973921
-27.0,2.25,-27.0,2.5,-27.0,2.0,9,0.5,4.5,-0.16147581353985427,0.0010187307499609883,0.007578255382583372,-0.15287882740730993,-0.6879547233328946,-1.5478981274990133,-18.574777529988154
-27.0,1.75,-27.0,2.0,-27.0,1.5,9,0.5,4.5,-0.16147581353985427,0.0007923461388585466,0.007578255382583372,-0.15310521201841237,-0.6889734540828557,-1.2057035446449977,-18.602283260237105
-27.0,1.25,-27.0,1.5,-27.0,1.0,9,0.5,4.5,-0.16147581353985427,0.0005659615277561047,0.007578255382583372,-0.15333159662951482,-0.6899921848328167,-0.8624902310410212,-18.62978899048605
-27.0,0.75,-27.0,1.0,-27.0,0.5,9,0.5,4.5,-0.16147581353985427,0.00033957691665366293,0.007578255382583372,-0.15355798124061726,-0.6910109155827777,-0.5182581866870836,-18.657294720735
-27.0,0.25,-27.0,0.5,-27.0,0.0,9,0.5,4.5,-0.16147581353985427,0.0001131923055512211,0.007578255382583372,-0.1537843658517197,-0.6920296463327387,-0.17300741158318494,-18.684800450983943
-27.0,-0.25,-27.0,0.0,-27.0,-0.5,9,0.5,4.5,-0.16147581353985427,-0.00011319230555122071,0.007578255382583372,-0.15401075046282212,-0.6930483770826995,0.1732620942706746,-18.712306181232886
-27.0,-0.75,-27.0,-0.5,-27.0,-1.0,9,0.5,4.5,-0.16147581353985427,-0.0003395769166536625,0.007578255382583372,-0.15423713507392456,-0.6940671078326606,0.5205503308744951,-18.739811911481837
-27.0,-1.2500000000000009,-27.0,-1.0,-27.0,-1.5000000000000018,9,0.5,4.5,-0.16147581353985427,-0.0005659615277561047,0.007578255382583372,-0.154463519685027,-0.6950858385826215,0.8688572982282772,-18.76731764173078
-27.0,-1.7500000000000018,-27.0,-1.5000000000000018,-27.0,-2.0000000000000018,9,0.5,4.5,-0.16147581353985427,-0.0007923461388585469,0.007578255382583372,-0.15468990429612944,-0.6961045693325825,1.2181829963320203,-18.794823371979728
-27.0,-2.250000000000001,-27.0,-2.0000000000000018,-27.0,-2.5,9,0.5,4.5,-0.16147581353985427,-0.0010187307499609883,0.007578255382583372,-0.15491628890723189,-0.6971233000825435,1.5685274251857233,-18.822329102228675
-27.0,-2.75,-27.0,-2.5,-27.0,-3.0,9,0.5,4.5,-0.16147581353985427,-0.0012451153610634298,0.007578255382583372,-0.15514267351833433,-0.6981420308325045,1.919890584789387,-18.849834832477622
-27.0,-3.25,-27.0,-3.0,-27.0,-3.5,9,0.5,4.5,-0.16147581353985427,-0.0014714999721658715,0.007578255382583372,-0.15536905812943677,-0.6991607615824654,2.272272475143012,-18.877340562726566
-27.0,-3.750000000000001,-27.0,-3.5,-27.0,-4.000000000000002,9,0.5,4.5,-0.16147581353985427,-0.0016978845832683138,0.007578255382583372,-0.1555954427405392,-0.7001794923324265,2.6256730962465995,-18.904846292975517
-27.0,-4.250000000000002,-27.0,-4.000000000000002,-27.0,-4.500000000000002,9,0.5,4.5,-0.16147581353985427,-0.0019242691943707562,0.007578255382583372,-0.15582182735164166,-0.7011982230823874,2.980092448100148,-18.93235202322446
-27.0,-4.750000000000001,-27.0,-4.500000000000002,-27.0,-5.0,9,0.5,4.5,-0.16147581353985427,-0.002150653805473198,0.007578255382583372,-0.1560482119627441,-0.7022169538323484,3.3355305307036556,-18.959857753473408
-27.0,-5.25,-27.0,-5.0,-27.0,-5.5,9,0.5,4.5,-0.16147581353985427,-0.0023770384165756387,0.007578255382583372,-0.15627459657384654,-0.7032356845823095,3.6919873440571247,-18.987363483722355
-27.0,-5.75,-27.0,-5.5,-27.0,-6.0,9,0.5,4.5,-0.16147581353985427,-0.002603423027678081,0.007578255382583372,-0.15650098118494898,-0.7042544153322704,4.049462888160555,-19.014869213971302
-27.0,-6.25,-27.0,-6.0,-27.0,-6.5,9,0.5,4.5,-0.16147581353985427,-0.002829807638780523,0.007578255382583372,-0.15672736579605143,-0.7052731460822315,4.407957163013947,-19.04237494422025
-27.0,-6.75,-27.0,-6.5,-27.0,-7.0,9,0.5,4.5,-0.16147581353985427,-0.0030561922498829647,0.007578255382583372,-0.15695375040715387,-0.7062918768321924,4.767470168617299,-19.069880674469196
-27.0,-7.25,-27.0,-7.0,-27.0,-7.5,9,0.5,4.5,-0.16147581353985427,-0.0032825768609854064,0.007578255382583372,-0.1571801350182563,-0.7073106075821534,5.128001904970612,-19.09738640471814
-27.0,-7.75,-27.0,-7.5,-27.0,-8.0,9,0.5,4.5,-0.16147581353985427,-0.003508961472087848,0.007578255382583372,-0.15740651962935875,-0.7083293383321144,5.489552372073887,-19.12489213496709
-27.0,-8.25,-27.0,-8.0,-27.0,-8.5,9,0.5,4.5,-0.16147581353985427,-0.0037353460831902902,0.007578255382583372,-0.1576329042404612,-0.7093480690820754,5.852121569927122,-19.152397865216034
-27.0,-8.75,-27.0,-8.5,-27.0,-9.0,9,0.5,4.5,-0.16147581353985427,-0.003961730694292732,0.007578255382583372,-0.15785928885156364,-0.7103667998320364,6.215709498530319,-19.179903595464985
-27.0,-9.25,-27.0,-9.0,-27.0,-9.5,9,0.5,4.5,-0.16147581353985427,-0.004188115305395174,0.007578255382583372,-0.15808567346266608,-0.7113855305819974,6.580316157883476,-19.20740932571393
-27.0,-9.75,-27.0,-9.5,-27.0,-10.0,9,0.5,4.5,-0.16147581353985427,-0.004414499916497615,0.007578255382583372,-0.15831205807376852,-0.7124042613319583,6.945941547986593,-19.234915055962876
-26.823170731707314,-10.176829268292682,-27.0,-10.0,-26.646341463414632,-10.353658536585366,9,0.5001486988880458,4.501338289992412,-0.16147581353985427,-0.004607755072316772,0.00752862362872273,-0.15855494498344833,-0.7137094449216362,7.263299168135432,-19.14395029396511
-26.46951219512195,-10.53048780487805,-26.646341463414632,-10.353658536585366,-26.29268292682927,-10.707317073170731,9,0.5001486988880458,4.501338289992412,-0.16147581353985427,-0.004767880772852647,0.007429360121001449,-0.15881433419170546,-0.7148770434967748,7.528003988530062,-18.922446620850607
-26.115853658536587,-10.884146341463413,-26.29268292682927,-10.707317073170731,-25.9390243902439,-11.060975609756097,9,0.5001486988880458,4.501338289992412,-0.16147581353985427,-0.00492800647338852,0.007330096613280168,-0.15907372339996262,-0.7160446420719137,7.793534671331498,-18.700117085329307
-25.76219512195122,-11.237804878048781,-25.9390243902439,-11.060975609756097,-25.585365853658537,-11.414634146341463,9,0.5001486988880458,4.501338289992412,-0.16147581353985427,-0.0050881321739243935,0.007230833105558886,-0.15933311260821978,-0.7172122406470525,8.059891216539743,-18.4769616874012
-25.40853658536585,-11.591463414634145,-25.585365853658537,-11.414634146341463,-25.23170731707317,-11.768292682926829,9,0.5001486988880458,4.501338289992412,-0.16147581353985427,-0.0052482578744602664,0.007131569597837604,-0.1595925018164769,-0.7183798392221911,8.327073624154787,-18.25298042706628
-25.054878048780488,-11.945121951219512,-25.23170731707317,-11.768292682926829,-24.878048780487806,-12.121951219512194,9,0.5001486988880458,4.501338289992412,-0.16147581353985427,-0.005408383574996141,0.007032306090116321,-0.1598518910247341,-0.71954743779733,8.595081894176642,-18.028173304324568
-24.701219512195124,-12.298780487804878,-24.878048780487806,-12.121951219512194,-24.524390243902438,-12.475609756097562,9,0.5001486988880458,4.501338289992412,-0.16147581353985427,-0.005568509275532014,0.0069330425823950406,-0.16011128023299123,-0.7207150363724686,8.863916026605299,-17.80254031917604
-24.347560975609756,-12.652439024390244,-24.524390243902438,-12.475609756097562,-24.170731707317074,-12.829268292682928,9,0.5001486988880458,4.501338289992412,-0.16147581353985427,-0.005728634976067888,0.006833779074673758,-0.1603706694412484,-0.7218826349476074,9.133576021440764,-17.57608147162071
-23.99390243902439,-13.006097560975611,-24.170731707317074,-12.829268292682928,-23.817073170731707,-13.182926829268293,9,0.5001486988880458,4.501338289992412,-0.16147581353985427,-0.0058887606766037616,0.006734515566952476,-0.16063005864950555,-0.7230502335227461,9.404061878683034,-17.348796761658573
-23.640243902439025,-13.359756097560975,-23.817073170731707,-13.182926829268293,-23.463414634146343,-13.536585365853659,9,0.5001486988880458,4.501338289992412,-0.16147581353985427,-0.006048886377139634,0.006635252059231195,-0.1608894478577627,-0.7242178320978849,9.67537359833211,-17.120686189289632
-23.28658536585366,-13.713414634146343,-23.463414634146343,-13.536585365853659,-23.109756097560975,-13.890243902439025,9,0.5001486988880458,4.501338289992412,-0.16147581353985427,-0.006209012077675508,0.006535988551509914,-0.16114883706601987,-0.7253854306730237,9.947511180387991,-16.89174975451389
-22.932926829268293,-14.067073170731707,-23.109756097560975,-13.890243902439025,-22.75609756097561,-14.24390243902439,9,0.5001486988880458,4.501338289992412,-0.16147581353985427,-0.006369137778211381,0.0064367250437886315,-0.161408226274277,-0.7265530292481623,10.220474624850674,-16.661987457331332
-22.579268292682926,-14.420731707317074,-22.75609756097561,-14.24390243902439,-22.402439024390244,-14.597560975609756,9,0.5001486988880458,4.501338289992412,-0.16147581353985427,-0.006529263478747255,0.006337461536067349,-0.16166761548253417,-0.7277206278233012,10.494263931720166,-16.431399297741976
-22.225609756097562,-14.774390243902438,-22.402439024390244,-14.597560975609756,-22.048780487804876,-14.951219512195122,9,0.5001486988880458,4.501338289992412,-0.16147581353985427,-0.006689389179283128,0.006238198028346068,-0.16192700469079133,-0.7288882263984399,10.768879100996461,-16.199985275745814
-21.871951219512194,-15.128048780487806,-22.048780487804876,-14.951219512195122,-21.695121951219512,-15.304878048780488,9,0.5001486988880458,4.501338289992412,-0.16147581353985427,-0.0068495148798190025,0.006138934520624786,-0.1621863938990485,-0.7300558249735787,11.044320132679566,-15.967745391342845
-21.518292682926827,-15.481707317073171,-21.695121951219512,-15.304878048780488,-21.341463414634145,-15.658536585365855,9,0.5001486988880458,4.501338289992412,-0.16147581353985427,-0.007009640580354875,0.006039671012903504,-0.16244578310730565,-0.7312234235487174,11.320587026769473,-15.734679644533069
-21.164634146341463,-15.835365853658537,-21.341463414634145,-15.658536585365855,-20.98780487804878,-16.01219512195122,9,0.5001486988880458,4.501338289992412,-0.16147581353985427,-0.007169766280890749,0.005940407505182222,-0.1627051723155628,-0.7323910221238562,11.597679783266187,-15.500788035316493
-20.8109756097561,-16.1890243902439,-20.98780487804878,-16.01219512195122,-20.634146341463413,-16.365853658536587,9,0.5001486988880458,4.501338289992412,-0.16147581353985427,-0.007329891981426622,0.005841143997460942,-0.16296456152381994,-0.7335586206989948,11.875598402169702,-15.266070563693106
-20.45731707317073,-16.54268292682927,-20.634146341463413,-16.365853658536587,-20.28048780487805,-16.71951219512195,9,0.5001486988880458,4.501338289992412,-0.16147581353985427,-0.007490017681962496,0.005741880489739659,-0.1632239507320771,-0.7347262192741336,12.154342883480028,-15.030527229662916
-20.103658536585364,-16.896341463414636,-20.28048780487805,-16.71951219512195,-19.926829268292682,-17.073170731707318,9,0.5001486988880458,4.501338289992412,-0.16147581353985427,-0.00765014338249837,0.005642616982018377,-0.16348333994033426,-0.7358938178492724,12.43391322719716,-14.794158033225921
-19.75,-17.25,-19.926829268292682,-17.073170731707318,-19.573170731707318,-17.426829268292682,9,0.5001486988880458,4.501338289992412,-0.16147581353985427,-0.007810269083034243,0.005543353474297096,-0.16374272914859142,-0.7370614164244111,12.714309433321093,-14.55696297438212
-19.396341463414636,-17.603658536585364,-19.573170731707318,-17.426829268292682,-19.21951219512195,-17.78048780487805,9,0.5001486988880458,4.501338289992412,-0.16147581353985427,-0.007970394783570115,0.005444089966575815,-0.16400211835684858,-0.73822901499955,12.995531501851833,-14.318942053131517
-19.04268292682927,-17.95731707317073,-19.21951219512195,-17.78048780487805,-18.865853658536587,-18.134146341463413,9,0.5001486988880458,4.501338289992412,-0.16147581353985427,-0.00813052048410599,0.005344826458854532,-0.1642615075651057,-0.7393966135746886,13.277579432789377,-14.0800952694741
-18.6890243902439,-18.3109756097561,-18.865853658536587,-18.134146341463413,-18.51219512195122,-18.48780487804878,9,0.5001486988880458,4.501338289992412,-0.16147581353985427,-0.008290646184641863,0.00524556295113325,-0.1645208967733629,-0.7405642121498275,13.560453226133733,-13.840422623409884
-18.335365853658537,-18.664634146341463,-18.51219512195122,-18.48780487804878,-18.15853658536585,-18.84146341463415,9,0.5001486988880458,4.501338289992412,-0.16147581353985427,-0.008450771885177738,0.0051462994434119695,-0.16478028598162003,-0.7417318107249661,13.844152881884884,-13.59992411493886
-17.98170731707317,-19.01829268292683,-18.15853658536585,-18.84146341463415,-17.804878048780488,-19.195121951219512,9,0.5001486988880458,4.501338289992412,-0.16147581353985427,-0.00861089758571361,0.005047035935690687,-0.1650396751898772,-0.7428994093001049,14.12867840004285,-13.358599744061031
-17.628048780487806,-19.371951219512194,-17.804878048780488,-19.195121951219512,-17.451219512195124,-19.548780487804876,9,0.5001486988880458,4.501338289992412,-0.16147581353985427,-0.008771023286249484,0.004947772427969406,-0.16529906439813435,-0.7440670078752437,14.414029780607617,-13.1164495107764
-17.274390243902438,-19.725609756097562,-17.451219512195124,-19.548780487804876,-17.097560975609756,-19.902439024390244,9,0.5001486988880458,4.501338289992412,-0.16147581353985427,-0.008931148986785358,0.004848508920248123,-0.1655584536063915,-0.7452346064503823,14.700207023579189,-12.873473415084957
-16.920731707317074,-20.079268292682926,-17.097560975609756,-19.902439024390244,-16.74390243902439,-20.25609756097561,9,0.5001486988880458,4.501338289992412,-0.16147581353985427,-0.00909127468732123,0.004749245412526843,-0.16581784281464867,-0.7464022050255212,14.98721012895757,-12.629671456986717
-16.567073170731707,-20.432926829268293,-16.74390243902439,-20.25609756097561,-16.390243902439025,-20.609756097560975,9,0.5001486988880458,4.501338289992412,-0.16147581353985427,-0.009251400387857104,0.00464998190480556,-0.1660772320229058,-0.7475698036006598,15.27503909674275,-12.385043636481663
-16.213414634146343,-20.786585365853657,-16.390243902439025,-20.609756097560975,-16.03658536585366,-20.96341463414634,9,0.5001486988880458,4.501338289992412,-0.16147581353985427,-0.009411526088392977,0.004550718397084279,-0.16633662123116297,-0.7487374021757986,15.563693926934741,-12.139589953569809
-15.859756097560975,-21.140243902439025,-16.03658536585366,-20.96341463414634,-15.682926829268292,-21.31707317073171,9,0.5001486988880458,4.501338289992412,-0.16147581353985427,-0.009571651788928852,0.004451454889362996,-0.16659601043942013,-0.7499050007509374,15.853174619533537,-11.893310408251146
-15.506097560975608,-21.493902439024392,-15.682926829268292,-21.31707317073171,-15.329268292682926,-21.670731707317074,9,0.5001486988880458,4.501338289992412,-0.16147581353985427,-0.009731777489464724,0.004352191381641714,-0.16685539964767726,-0.7510725993260761,16.143481174539136,-11.646205000525677
-15.152439024390244,-21.847560975609756,-15.329268292682926,-21.670731707317074,-14.97560975609756,-22.024390243902438,9,0.5001486988880458,4.501338289992412,-0.16147581353985427,-0.009891903190000599,0.0042529278739204335,-0.16711478885593445,-0.752240197901215,16.434613591951546,-11.39827373039341
-14.798780487804878,-22.20121951219512,-14.97560975609756,-22.024390243902438,-14.621951219512196,-22.378048780487802,9,0.5001486988880458,4.501338289992412,-0.16147581353985427,-0.01005202889053647,0.004153664366199151,-0.16737417806419158,-0.7534077964763536,16.72657187177075,-11.14951659785433
-14.445121951219512,-22.554878048780488,-14.621951219512196,-22.378048780487802,-14.268292682926829,-22.731707317073173,9,0.5001486988880458,4.501338289992412,-0.16147581353985427,-0.010212154591072345,0.00405440085847787,-0.16763356727244877,-0.7545753950514925,17.019356013996774,-10.89993360290845
-14.091463414634145,-22.908536585365855,-14.268292682926829,-22.731707317073173,-13.914634146341463,-23.085365853658537,9,0.5001486988880458,4.501338289992412,-0.16147581353985427,-0.01037228029160822,0.003955137350756587,-0.1678929564807059,-0.7557429936266311,17.31296601862959,-10.649524745555757
-13.737804878048781,-23.26219512195122,-13.914634146341463,-23.085365853658537,-13.560975609756097,-23.4390243902439,9,0.5001486988880458,4.501338289992412,-0.16147581353985427,-0.010532405992144092,0.0038558738430353066,-0.16815234568896303,-0.7569105922017698,17.60740188566922,-10.398290025796266
-13.384146341463413,-23.615853658536587,-13.560975609756097,-23.4390243902439,-13.207317073170731,-23.79268292682927,9,0.5001486988880458,4.501338289992412,-0.16147581353985427,-0.010692531692679965,0.0037566103353140244,-0.16841173489722022,-0.7580781907769086,17.902663615115653,-10.146229443629965
-13.03048780487805,-23.96951219512195,-13.207317073170731,-23.79268292682927,-12.853658536585366,-24.146341463414636,9,0.5001486988880458,4.501338289992412,-0.16147581353985427,-0.010852657393215838,0.0036573468275927427,-0.16867112410547735,-0.7592457893520473,18.19875120696889,-9.89334299905686
-12.676829268292682,-24.323170731707318,-12.853658536585366,-24.146341463414636,-12.5,-24.5,9,0.5001486988880458,4.501338289992412,-0.16147581353985427,-0.011012783093751713,0.0035580833198714606,-0.16893051331373454,-0.7604133879271863,18.49566466122894,-9.639630692076953
